ID товара,Наименование,Бренд,Актуальная Цена,Старая цена,Ссылка
Артикул: 333225,"METRO Chef Мороженое Пломбир ванильный, 2.5кг",METRO CHEF,999,,https://online.metro-cc.ru/products/plombir-vanilnyj-metro-chef-25kg
Артикул: 452287,"Мороженое Коровка из Кореновки Пломбир 15%, 1кг",КОРОВКА ИЗ КОРЕНОВКИ,569,,https://online.metro-cc.ru/products/korovka-iz-korenovki-plombir-15-1kg-bzmzh
Артикул: 110858,"Чай Nordictea клюква-бадьян-апельсин замороженный, 50г",NORDICTEA,69.90,113,https://online.metro-cc.ru/products/chaj-nordictea-klyukva-badyan-apelsin-50g
Артикул: 452289,"Мороженое Коровка из Кореновки Пломбир шоколадный вафельный стаканчик, 100г",КОРОВКА ИЗ КОРЕНОВКИ,73.90,,https://online.metro-cc.ru/products/plombir-korovka-iz-korenovki-shokolad-vafelnyj-stakanchik-100g-bzmzh
Артикул: 117346,"Мороженое Коровка из Кореновки Пломбир с шоколадной крошкой стакан, 80г",КОРОВКА ИЗ КОРЕНОВКИ,73.90,,https://online.metro-cc.ru/products/80g-plombir-korovka-iz-korenovki-shok-krosh-stakan-bzmzh
Артикул: 457567,"METRO Chef Мороженое Пломбир с ароматом фисташки, 1.5кг",METRO CHEF,809.01,,https://online.metro-cc.ru/products/plombir-metro-chef-fistashka-15kg
Артикул: 452291,"Мороженое Коровка из Кореновки Пломбир вафельный стаканчик, 100г",КОРОВКА ИЗ КОРЕНОВКИ,73.90,,https://online.metro-cc.ru/products/plombir-korovka-iz-korenovki-vafelnyj-stakanchik-100g-bzmzh
Артикул: 526961,"Мороженое Baskin Robbins Пломбир миндаль и фисташка, 600г",BASKIN ROBBINS,679,,https://online.metro-cc.ru/products/plombir-baskin-robbins-mindal-fistashka-vederko-600g-bzmzh
Артикул: 110857,"Чай Nordictea апельсин-облепиха-жмых замороженный, 50г",NORDICTEA,69.90,113,https://online.metro-cc.ru/products/chaj-nordictea-apelsin-oblepihazhmyh-50g
Артикул: 499987,"Мороженое Gelato Di Natura кофе, 1.575кг",GELATO,1559,,https://online.metro-cc.ru/products/plombir-gelato-di-natura-kofe-kontejner-15kg
Артикул: 116782,"Мороженое Bounty с кокосовой стружкой и шоколадной глазурью, 272г",BOUNTY,499,,https://online.metro-cc.ru/products/272g-morozhenoe-bounty-vederko-bzmzh
Артикул: 497876,"aro Мороженое ванильное, 1кг",ARO,227,,https://online.metro-cc.ru/products/aro-morozhenoe-vanilnoe-1kg
Артикул: 454877,"Мороженое Золотой стандарт Пломбир суфле и шоколадным наполнителем контейнер, 475г",ЗОЛОТОЙ СТАНДАРТ,309,459,https://online.metro-cc.ru/products/plombir-zolotoj-standart-shokoladnyj-kontejner-500g-bzmzh
Артикул: 654869,"METRO Chef Мороженое Пломбир вишневый, 2.5кг",METRO CHEF,1099,,https://online.metro-cc.ru/products/plombir-metro-chef-vishnevyj-bez-soderzhaniya-molochnogo-zhira-25kg
Артикул: 119426,"METRO Chef Мороженое Пломбир ванильный, 500г",METRO CHEF,349,,https://online.metro-cc.ru/products/500g-plombir-metro-chef-vanil-vanna-bzmzh
Артикул: 562917,"Мороженое Вологодский пломбир в вафельном стаканчике 15%, 100г",ВОЛОГОДСКИЙ ПЛОМБИР,49.90,58.91,https://online.metro-cc.ru/products/plombir-ajsberri-vologodskij-vafelnyj-stakanchik-100g-bzmzh
Артикул: 107026,"METRO Chef Мороженое Пломбир соленая карамель, 1.5кг",METRO CHEF,619,,https://online.metro-cc.ru/products/plombir-metro-chef-solenaya-karamel-15kg
Артикул: 137186,"Мороженое Monterra Вишневый торт, 300г",MONTERRA,469,,https://online.metro-cc.ru/products/morozhenoe-monterra-vishnevyy-tort-300g-bzmzh
Артикул: 333224,"METRO Chef Мороженое Пломбир с кусочками клубники, 2.5кг",METRO CHEF,999,,https://online.metro-cc.ru/products/plombir-s-kusochkami-klubniki-metro-chef-25kg
Артикул: 137187,"Сорбет Monterra Маракуйя и манго, 300г",MONTERRA,549,,https://online.metro-cc.ru/products/sorbet-monterra-marakuyya-mango-300g
Артикул: 654868,"METRO Chef Мороженое Пломбир крем-брюле, 2.5кг",METRO CHEF,1099,,https://online.metro-cc.ru/products/plombir-metro-chef-krem-bryule-bez-soderzhaniya-molochnogo-zhira-25kg
Артикул: 137168,"Мороженое Monterra Бельгийский шоколад, 276г",MONTERRA,469,,https://online.metro-cc.ru/products/morozhenoe-monterra-belgiyskiy-shokolad-276g-bzmzh
Артикул: 500716,"Мороженое Золотой стандарт Пломбир классический полено, 990г",ЗОЛОТОЙ СТАНДАРТ,399,519,https://online.metro-cc.ru/products/plombir-zolotoj-standart-klassicheskij-poleno-900g-bzmzh
Артикул: 218346,"Мороженое Brandice сливки с печеньем, 600г",BRANDICE,399,759,https://online.metro-cc.ru/products/600g-morozhenoe-brandice-slivki-s-pechenem-bzmzh
Артикул: 218345,"Мороженое Brandice пралине, 600г",BRANDICE,399,759,https://online.metro-cc.ru/products/600g-morozhenoe-brandice-praline-bzmzh
Артикул: 137545,"METRO Chef Сорбет манго замороженный, 1.5кг",METRO CHEF,869,,https://online.metro-cc.ru/products/15kg-sorbet-metro-chef-mango-zamorozhennyy
Артикул: 333223,"METRO Chef Мороженое Пломбир шоколадный с шоколадной крошкой, 2.5кг",METRO CHEF,999,,https://online.metro-cc.ru/products/plombir-shokoladnyj-s-shokoladnoj-kroshkoj-metro-chef-25kg
Артикул: 135683,"Мороженое Sunreme малина-банан, 78г",SUNREME,64.90,83.90,https://online.metro-cc.ru/products/morozhenoe-sunreme-malina-banan-78g-bzmzh
Артикул: 421531,"Мороженое Чистая Линия Пломбир вафельный стаканчик, 80г",ЧИСТАЯ ЛИНИЯ,49.90,83.90,https://online.metro-cc.ru/products/plombir-chistaya-liniya-vafelnyj-stakanchik-80g-bzmzh
Артикул: 566257,"Мороженое Коровка из Кореновки Пломбир полено с шоколадной стружкой, 400г",КОРОВКА ИЗ КОРЕНОВКИ,229,319,https://online.metro-cc.ru/products/poleno-korovka-iz-korenovki-plombir-s-shokoladnoj-struzhkoj-400g-bzmzh
Артикул: 497873,"aro Мороженое шоколад, 1кг",ARO,227,,https://online.metro-cc.ru/products/aro-morozhenoe-shokolad-1kg
Артикул: 589197,"Мороженое Baskin Robbins Сливки с печеньем, 600г",BASKIN ROBBINS,679,,https://online.metro-cc.ru/products/plombir-baskin-robbins-slivki-s-pechenyem-vederko-600g
Артикул: 497875,"aro Мороженое с ароматом клубники, 1кг",ARO,227,,https://online.metro-cc.ru/products/aro-morozhenoe-s-aromatom-klubniki-1kg
Артикул: 452288,"Мороженое Коровка из Кореновки Эскимо Пломбир в шоколадной глазури, 70г",КОРОВКА ИЗ КОРЕНОВКИ,82.90,,https://online.metro-cc.ru/products/plombir-korovka-iz-korenovki-v-shokoladnoj-glazuri-eskimo-70g-bzmzh
Артикул: 451086,"Мороженое Золотой стандарт Пломбир с черникой контейнер, 475г",ЗОЛОТОЙ СТАНДАРТ,309,459,https://online.metro-cc.ru/products/plombir-zolotoj-standart-s-chernikoj-kontejner-500g-bzmzh
Артикул: 499988,"Мороженое Gelato Di Natura вишня, 1.575кг",GELATO,1559,,https://online.metro-cc.ru/products/plombir-gelato-di-natura-vishnya-kontejner-15kg
Артикул: 217612,"Мороженое 48 копеек пломбир с клюквенным морсом, 58г",48 КОПЕЕК,67.90,,https://online.metro-cc.ru/products/58g-morozhenoe-plombir-48-kopeek-s-klyukv-morsom-bzmzh
Артикул: 119428,"METRO Chef Мороженое Пломбир с ароматом фисташки, 500г",METRO CHEF,349,,https://online.metro-cc.ru/products/500g-plombir-metro-chef-arom-fist-vanna-bzmzh
Артикул: 100127,"Мороженое Snickers сливочное c пастой из арахиса и карамелью, 340г",SNICKERS,499,,https://online.metro-cc.ru/products/snickers-vedro-340g-bzmzh
Артикул: 137547,"METRO Chef Сорбет лайм замороженный, 1.5кг",METRO CHEF,999,,https://online.metro-cc.ru/products/15kg-sorbet-metro-chef-laym-zamorozhennyy
Артикул: 135682,"Мороженое Sunreme клубника, 73г",SUNREME,64.90,83.90,https://online.metro-cc.ru/products/morozhenoe-sunreme-klubnika-73g-bzmzh
Артикул: 218344,"Мороженое Brandice попкорн, 600г",BRANDICE,399,759,https://online.metro-cc.ru/products/600g-morozhenoe-brandice-popkorn-bzmzh
Артикул: 529926,"Мороженое Талосто Классическая Венеция Пломбир ванильный пачка, 450г",ТАЛОСТО,262,,https://online.metro-cc.ru/products/plombir-talosto-veneciya-klassicheskaya-vanilnyj-pachka-450g-bzmzh
Артикул: 137164,"Мороженое Monterra Ванильная мечта, 252г",MONTERRA,469,,https://online.metro-cc.ru/products/morozhenoe-monterra-vanil-252g-bzmzh
Артикул: 217594,"Мороженое Золотой стандарт сэндвич в печенье, 69г",ЗОЛОТОЙ СТАНДАРТ,76.90,,https://online.metro-cc.ru/products/69g-morozhenoe-sendvich-zolotoy-standart-v-pechen-bzmzh
Артикул: 109178,"Чай Айскро малина-клубника-базилик-корица замороженный, 150г",АЙСКРО,199,,https://online.metro-cc.ru/products/chaj-malino-klubnichnyj-ajskro-s-bazilikom-koricej-zamorozhennyj-150-g
Артикул: 505962,"Мороженое Bon Pari Взрывной ураган Эскимо фруктовый лед с клубникой, 60г",BON PARI,58.90,,https://online.metro-cc.ru/products/fruktovyj-led-bon-pari-vzryvnoj-uragan-s-klubnikoj-eskimo-60g-bzmzh
Артикул: 69647,"Мороженое Oreo с печеньем, 76г",OREO,106,,https://online.metro-cc.ru/products/oreo-s-pechenyem-76g-bzmzh
Артикул: 137173,"Мороженое Monterra Тирамису, 277г",MONTERRA,469,,https://online.metro-cc.ru/products/morozhenoe-monterra-tiramisu-277g-bzmzh
Артикул: 79254,"Мороженое Milka Эскимо в шоколаде, 62г",MILKA,107,,https://online.metro-cc.ru/products/eskimo-v-shokolade-milka-62-g
Артикул: 119427,"METRO Chef Мороженое Пломбир шоколадный, 500г",METRO CHEF,349,,https://online.metro-cc.ru/products/500g-plombir-metro-chef-shokolad-vanna-bzmzh
Артикул: 519384,"Мороженое Gelato Di Natura молочное шоколад, 1.575кг",GELATO,1559,,https://online.metro-cc.ru/products/plombir-gelato-di-natura-shokolad-kontejner-15kg
Артикул: 218537,"Мороженое Коровка из Кореновки малина-глазурь, 90г",КОРОВКА ИЗ КОРЕНОВКИ,85.90,99.90,https://online.metro-cc.ru/products/90g-morozhenoe-korovka-iz-korenovki-malinglazur-bzmzh
Артикул: 387520,"Мороженое Магнат Эскимо манго красные ягоды, 74г",МАГНАТ,99.90,,https://online.metro-cc.ru/products/magnat-eskimo-v-shokolade-mango-krasnye-yagody-74-gr
Артикул: 211460,"Мороженое Филевское лакомка сливочное ванильное во взбитой шоколадной глазури, 90г",ФИЛЕВСКОЕ,55.90,,https://online.metro-cc.ru/products/filevskaya-lakomka-ajsberri-slivochnaya-90-g
Артикул: 452290,"Мороженое Коровка из Кореновки Пломбир крем-брюле вафельный стаканчик, 100г",КОРОВКА ИЗ КОРЕНОВКИ,73.90,,https://online.metro-cc.ru/products/plombir-korovka-iz-korenovki-krem-bryule-vafelnyj-stakanchik-100g-bzmzh
Артикул: 109175,"Чай Айскро облепиха-лимон-имбирь-бадьян-лемонграсс замороженный, 150г",АЙСКРО,199,,https://online.metro-cc.ru/products/chaj-ajskro-s-oblepihoj-limonom-imbirem-badyanom-lemongrassom-zamorozhennyj-150-g
Артикул: 641465,"Мороженое Коровка из Кореновки Эскимо Пломбир в шоколадной глазури с фундуком, 70г",КОРОВКА ИЗ КОРЕНОВКИ,89.90,,https://online.metro-cc.ru/products/plombir-korovka-iz-korenovki-eskimo-v-shokoladnoj-glazuri-s-fundukom-70g
Артикул: 254020,"Мороженое Магнат Брюнетка Эскимо молочное, 74г",МАГНАТ,99.90,,https://online.metro-cc.ru/products/magnat-bryunetka-eskimo-82g-bzmzh
Артикул: 588636,"Мороженое Коровка из Кореновки Пломбир Полено, 400г",КОРОВКА ИЗ КОРЕНОВКИ,229,297,https://online.metro-cc.ru/products/korovka-iz-korenovki-plombir-poleno-400g-bzmzh
Артикул: 84139,"Мороженое 48 копеек Пломбир брикет, 210г",48 КОПЕЕК,159.01,,https://online.metro-cc.ru/products/48-kopeek-plombir-briket-bez-zamenitelya-molochnogo-zhira-210-g
Артикул: 84134,"Мороженое 48 копеек шоколадное с шоколадным соусом, 232г",48 КОПЕЕК,159.01,,https://online.metro-cc.ru/products/48-kopeek-s-shokoladnym-sousom-briket-232-g
Артикул: 117976,"Мороженое Свитлогорье Золотая ириска Эскимо Пломбир двухслойное, 80г",СВИТЛОГОРЬЕ,84.90,,https://online.metro-cc.ru/products/80g-svitlogorye-zolotaya-iriska-dvuhslojn-bzmzh
Артикул: 218536,"Мороженое Коровка из Кореновки ваниль-глазурь, 90г",КОРОВКА ИЗ КОРЕНОВКИ,75.90,79.90,https://online.metro-cc.ru/products/90g-morozhenoe-korovka-iz-korenovki-vanilglazur-bzmzh
Артикул: 524509,"Мороженое Ekzo Эскимо манго-малина в фруктовой глазури, 70г",EKZO,88.90,,https://online.metro-cc.ru/products/ekzo-eskimo-v-fruktovoj-glazuri-mango-malina-70-gr
Артикул: 117168,"Мороженое Чистая Линия Пломбир ванильный в апельсиновой глазури, 70г",ЧИСТАЯ ЛИНИЯ,59.90,107,https://online.metro-cc.ru/products/plombir-chistaya-liniya-vanilnyj-v-apelsinovoj-glazuri-bzmzh-70-g
Артикул: 457563,"METRO Chef Щербет клюквенный, 1.5кг",METRO CHEF,755,,https://online.metro-cc.ru/products/scherbet-metro-chef-klyukva-15kg
Артикул: 217613,"Мороженое Maxiduo вафельный микс сливочное, 63г",MAXIDUO,69.91,,https://online.metro-cc.ru/products/63g-morozhenoe-maxiduo-vafelnyy-miks-slivochnoe-bzmzh
Артикул: 524502,"Мороженое Магнат Эскимо шоколадный трюфель, 72г",МАГНАТ,99.90,,https://online.metro-cc.ru/products/vanilnoe-magnat-shokoladnyj-tryufel-eskimo-80g-bzmzh
Артикул: 128317,"Фруктовый лед Bon Pari с соком арбуза, 67г",BON PARI,58.90,,https://online.metro-cc.ru/products/67g-fruktovyj-lyod-bon-pari-arbuz
Артикул: 137183,"Мороженое Monterra Печенье и карамель, 298г",MONTERRA,469,,https://online.metro-cc.ru/products/morozhenoe-monterra-pechene-karamel-298g-bzmzh
Артикул: 100126,"Мороженое Mars с карамелью и глазурью, 300г",MARS,499,,https://online.metro-cc.ru/products/mars-vederko-300g-bzmzh
Артикул: 593209,"Мороженое Iceumi Mochi Ice Cream сливочное в рисовой глазури с кусочками персика и маракуйи (35г х 8шт), 300г",ICEUMI,839,,https://online.metro-cc.ru/products/modzhi-iceumi-mochi-persik-marakujya-v-upakovke-8h35g-bzmzh
Артикул: 421532,"Мороженое Чистая Линия Семейное Пломбир, 450г",ЧИСТАЯ ЛИНИЯ,249,429,https://online.metro-cc.ru/products/plombir-chistaya-liniya-semejnoe-pachka-450g-bzmzh
Артикул: 423676,"Мороженое Bon Pari Джангли Эскимо молочное желе, 45г",BON PARI,52.90,,https://online.metro-cc.ru/products/zhele-bon-pari-dzhangli-eskimo-47g-bzmzh
Артикул: 110855,"Чай Nordictea вишневый глинтвейн замороженный, 50г",NORDICTEA,113,,https://online.metro-cc.ru/products/chaj-nordictea-vishnevyj-glintvejn-50g
Артикул: 135684,"Мороженое Maxiduo Страчателла, 92г",MAXIDUO,106,,https://online.metro-cc.ru/products/morozhenoe-maxiduo-strachatella-92g-bzmzh
Артикул: 217595,"Мороженое Магнат Duet эскимо маракуйя-кокос, 70г",МАГНАТ,109,,https://online.metro-cc.ru/products/70g-morozhenoe-eskimo-magnat-duet-marakuyyakokos-bzmzh
Артикул: 137182,"Мороженое Monterra Кленовый сироп и грецкий орех, 298г",MONTERRA,469,,https://online.metro-cc.ru/products/morozhenoe-monterra-klenovyy-sirop-gretskiy-oreh-298g-bzmzh
Артикул: 66881,"Мороженое Amore Карамель с морской солью, 270г",AMORE,239,319,https://online.metro-cc.ru/products/amore-karamel-s-morskoj-solyu-bez-zamenitelya-molochnyh-zhirov-270-g
Артикул: 519387,"Мороженое Gelato Di Natura молочное лимон, 1.575кг",GELATO,1559,,https://online.metro-cc.ru/products/plombir-gelato-di-natura-limon-kontejner-15kg
Артикул: 426790,"Мороженое Филевское Пломбир с шоколадной глазурью ванильный в вафельном стаканчике, 100г",ФИЛЕВСКОЕ,47.49,,https://online.metro-cc.ru/products/filevskoe-plombir-vanilnyj-v-vafelnom-stakane-100g-bzmzh
Артикул: 137178,"Мороженое Monterra Манго и крем, 281г",MONTERRA,469,,https://online.metro-cc.ru/products/morozhenoe-monterra-mango-krem-281g-bzmzh
Артикул: 217597,"Мороженое Золотой стандарт классическое в вафельном стаканчике, 95г",ЗОЛОТОЙ СТАНДАРТ,70.90,,https://online.metro-cc.ru/products/95g-morozhenoe-zolotoy-standart-klassich-vafst-bzmzh
Артикул: 110852,"Чай Nordictea облепиха с розмарином замороженный, 50г",NORDICTEA,113,,https://online.metro-cc.ru/products/chaj-nordictea-oblepiha-s-rozmarinom-50g
Артикул: 128439,"RIOBA Сорбет манго-маракуйя, 75г",RIOBA,109,,https://online.metro-cc.ru/products/75g-sorbet-rioba-mango-marakujya
Артикул: 356150,"Мороженое Чистая Линия Московская Лакомка Пломбир, 80г",ЧИСТАЯ ЛИНИЯ,89.90,139,https://online.metro-cc.ru/products/plombir-chistaya-liniya-moskovskaya-lakomka-batonchik-80g-bzmzh
Артикул: 202663,"Мороженое Магнат Дабл соленая карамель, 310г",МАГНАТ,589,,https://online.metro-cc.ru/products/310g-morozhenoe-magnat-dabl-solyonaya-karamel-bzmzh
Артикул: 611682,"Мороженое Gelato Di Natura молочное маскарпоне, 1.575кг",GELATO,1559,,https://online.metro-cc.ru/products/plombir-gelato-di-natura-maskarpone-kontejner-1575kg
Артикул: 110853,"Чай Nordictea апельсин-лемонграсс-клубника замороженный, 50г",NORDICTEA,113,,https://online.metro-cc.ru/products/chaj-nordictea-apelsin-lemongrass-klubnika-50g
Артикул: 66891,"Мороженое Amore Альфонсо манго, 270г",AMORE,279,349,https://online.metro-cc.ru/products/amore-mango-alfonso-bez-zamenitelya-molochnyh-zhirov-270-g
Артикул: 420961,"Мороженое Золотой стандарт Пломбир натуральный контейнер, 475г",ЗОЛОТОЙ СТАНДАРТ,309,459,https://online.metro-cc.ru/products/plombir-zolotoj-standart-naturalnyj-kontejner-500g-bzmzh
Артикул: 128437,"RIOBA Сорбет малиновый, 75г",RIOBA,99.90,,https://online.metro-cc.ru/products/75g-sorbet-rioba-malinovyj
Артикул: 312474,"Мороженое Ekzo молочное арбуз-дыня, 520г",EKZO,479,,https://online.metro-cc.ru/products/ekzo-vedro-arbuz-dynya-520-gr
Артикул: 137188,"Сорбет Monterra Малина и клубника, 306г",MONTERRA,549,,https://online.metro-cc.ru/products/sorbet-monterra-malina-klubnika-306g
Артикул: 128228,"Мороженое Магнат Эскимо фисташка-малина, 70г",МАГНАТ,99.90,,https://online.metro-cc.ru/products/magnat-fistashka-malina-eskimo-70g-bzmzh
Артикул: 202688,"Мороженое Магнат Дабл шоколад, 310г",МАГНАТ,589,,https://online.metro-cc.ru/products/310g-morozhenoe-magnat-dabl-shokolad-bzmzh
Артикул: 202662,"Мороженое Магнат Дабл фисташка, 300г",МАГНАТ,589,,https://online.metro-cc.ru/products/300g-morozhenoe-magnat-dabl-fistashka-bzmzh
Артикул: 116780,"Мороженое M&M's сливочное с драже, 295г",M&M'S,499,,https://online.metro-cc.ru/products/295g-morozhenoe-m-m-039s-vederko-bzmzh
Артикул: 221106,"Мороженое Чистая Линия волшебный фонарь, 80г",ЧИСТАЯ ЛИНИЯ,89,145,https://online.metro-cc.ru/products/80g-morozhenoe-chistaya-liniya-volshebnyy-fonar-bzmzh
Артикул: 217596,"Мороженое Золотой стандарт черника в вафельном стаканчике, 93г",ЗОЛОТОЙ СТАНДАРТ,70.90,,https://online.metro-cc.ru/products/93g-morozhenoe-zolotoy-standart-chernika-vafst-bzmzh
Артикул: 218494,"Мороженое Коровка из Кореновки фисташка-малина, 200г",КОРОВКА ИЗ КОРЕНОВКИ,209,,https://online.metro-cc.ru/products/200g-morozhenoe-korovka-iz-korenovki-fistmalin-bzmzh
Артикул: 128435,"RIOBA Мороженое сливочное клубника со сливками, 75г",RIOBA,80.91,,https://online.metro-cc.ru/products/75g-slivochn-rioba-klubn-slivk-bzmzh
Артикул: 611683,"Мороженое Gelato Di Natura молочное йогурт, 1.575кг",GELATO,1559,,https://online.metro-cc.ru/products/plombir-gelato-di-natura-jogurt-kontejner-1575kg
Артикул: 113065,"Мороженое Oreo сливочное с кусочками печенья, 263г",OREO,469,,https://online.metro-cc.ru/products/morozhenoe-slivochnoe-oreo-s-kusochkami-pechenya-vederko-263g
Артикул: 218289,"Десерт Айскро растительный кокос-ежевика-миндаль замороженный, 75г",АЙСКРО,144,,https://online.metro-cc.ru/products/75g-desert-rastitelnyy-ayskro-kokosezhevikamindal-zam
Артикул: 85491,"Мороженое Чистая Линия Лакомка в шоколадной глазури, 80г",ЧИСТАЯ ЛИНИЯ,99.90,149,https://online.metro-cc.ru/products/lakomka-v-shokoladnoj-glazuri-chistaya-liniya-80g-bzmzh
Артикул: 109179,"Чай Айскро апельсиновый с черной смородиной и чабрецом замороженный, 150г",АЙСКРО,163,,https://online.metro-cc.ru/products/chaj-apelsinovyj-ajskro-s-chernoj-smorodinoj-chabrecom-zamorozhennyj-150-g
Артикул: 128366,"Мороженое Чистая Линия Пралине Пломбир, 270г",ЧИСТАЯ ЛИНИЯ,399,829,https://online.metro-cc.ru/products/chistaya-liniya-praline-vederko-270g-bzmzh
Артикул: 519386,Мороженое Gelato Di natura молочное клубничное 1.575кг,GELATO,1559,,https://online.metro-cc.ru/products/plombir-gelato-di-natura-klubnika-kontejner-15kg
Артикул: 499992,"Мороженое Gelato Di Natura молочное ванильное, 1.575кг",GELATO,1559,,https://online.metro-cc.ru/products/plombir-gelato-di-natura-vanil-kontejner-15kg
Артикул: 435950,"aro Мороженое ванильное вафельный стаканчик, 70г",ARO,16.19,,https://online.metro-cc.ru/products/vanilnoe-aro-vafelnyj-stakanchik-70g
Артикул: 218341,"Мороженое Brandice малина-протеин, 300г",BRANDICE,389,479,https://online.metro-cc.ru/products/morozhenoe-brandice-malina-protein-300g
Артикул: 450251,"Мороженое Чистая Линия Пломбир рожок гигант, 110г",ЧИСТАЯ ЛИНИЯ,79.90,141,https://online.metro-cc.ru/products/plombir-chistaya-liniya-gigant-rozhok-110g-bzmzh
Артикул: 85869,"Фруктовый лед Paleta Индийское манго, 70г",TM PALETA,125,,https://online.metro-cc.ru/products/fruktovyj-led-tm-paleta-indijskoe-mango-70-g
Артикул: 218294,"Мороженое Brandice клубника-банан в вафельном стаканчике, 70г",BRANDICE,89.90,129,https://online.metro-cc.ru/products/70g-morozhenoe-brandice-klubnikabanan-vafst-bzmzh
Артикул: 137166,"Мороженое Monterra Кокос и шоколад, 263г",MONTERRA,469,,https://online.metro-cc.ru/products/morozhenoe-monterra-kokos-shokolad-263g-bzmzh
Артикул: 219120,"Мороженое Brandice шоколадное с миндалем, 60г",BRANDICE,109,155,https://online.metro-cc.ru/products/60g-morozhenoe-brandice-shokoladnoe-s-mindalem-bzmzh
Артикул: 220862,"Лед фруктовый Чистая Линия вкусовые сосочки (15г x 5шт), 75г",ЧИСТАЯ ЛИНИЯ,99.90,152,https://online.metro-cc.ru/products/5shth15g-fruktovyy-led-chistaya-liniya-vkusovye-sosochki
Артикул: 356151,"Мороженое Чистая Линия Пломбир в вафлях брикет, 80г",ЧИСТАЯ ЛИНИЯ,69.91,102,https://online.metro-cc.ru/products/plombir-chistaya-liniya-na-vaflyah-briket-80g-bzmzh
Артикул: 218351,"Мороженое Brandice эскимо белый бархат, 70г",BRANDICE,119,162,https://online.metro-cc.ru/products/70g-morozhenoe-eskimo-brandice-belyy-barhat-bzmzh
Артикул: 648419,"aro Мороженое шоколадное вафельный стаканчик, 70г",ARO,16.19,,https://online.metro-cc.ru/products/aro-morozhenoe-shokoladnoe-vafelniy-stakanchik-70g
Артикул: 226051,"Мороженое пломбир А.Ростагрокомплекс Эскимо в молочном шоколаде с ванилью 15%, 65г",А.РОСТАГРОКОМПЛЕКС,80.91,,https://online.metro-cc.ru/products/65g-morozhenoe-eskimo-arostagrokompleks-vanil-bzmzh
Артикул: 128316,"Мороженое Milka лесные ягоды, 64г",MILKA,152,,https://online.metro-cc.ru/products/64g-milka-lesnye-yagody-bzmzh
Артикул: 117975,"Мороженое Свитлогорье Эскимо Пломбир крем-брюле 15%, 80г",СВИТЛОГОРЬЕ,84.90,,https://online.metro-cc.ru/products/80g-eskimo-svitlogorye-plombir-krem-bryule-v-glazuri-bzmzh
Артикул: 218486,"Мороженое Коровка из Кореновки вишня в вафельном стаканчике, 100г",КОРОВКА ИЗ КОРЕНОВКИ,99.90,,https://online.metro-cc.ru/products/100g-morozhenoe-korovka-iz-korenovki-vishn-vafst-bzmzh
Артикул: 84114,"Мороженое 48 копеек Пломбир с глазурью и кусочками миндаля рожок, 106г",48 КОПЕЕК,133,,https://online.metro-cc.ru/products/morozhenoe-48-kopeek-rozhok-plombir-106g-bzmzh
Артикул: 117977,"Мороженое Свитлогорье Эскимо Пломбир ванильный в глазури, 80г",СВИТЛОГОРЬЕ,84.90,,https://online.metro-cc.ru/products/80g-eskimo-svitlogorye-plombir-vanilnyj-v-glazuri-bzmzh
Артикул: 545938,"Мороженое Чистая Линия Пломбироешка пломбир ванильный контейнер, 450г",ЧИСТАЯ ЛИНИЯ,379.01,569,https://online.metro-cc.ru/products/plombir-chistaya-liniya-plombiroeshka-vanilnoe-kontejner-450g-bzmzh
Артикул: 117167,"Мороженое Чистая Линия Эскимо Пломбир малиновый кактус, 80г",ЧИСТАЯ ЛИНИЯ,99.90,162,https://online.metro-cc.ru/products/plombir-chistaya-liniya-malinovyj-kaktus-bzmzh-80-g
Артикул: 137546,"METRO Chef Сорбет малина замороженный, 1.5кг",METRO CHEF,1199,,https://online.metro-cc.ru/products/15kg-sorbet-metro-chef-malina-zamorozhennyy
Артикул: 226048,"Мороженое пломбир А.Ростагрокомплекс Эскимо с соленой карамелью в молочном шоколаде с дробленым миндалем 15%, 65г",А.РОСТАГРОКОМПЛЕКС,80.91,,https://online.metro-cc.ru/products/65g-morozhen-eskimo-arostagrokompleks-sol-karam-bzmzh
Артикул: 226047,"Мороженое пломбир А.Ростагрокомплекс Эскимо с голубикой и ежевикой в молочном шоколаде 15%, 65г",А.РОСТАГРОКОМПЛЕКС,80.91,,https://online.metro-cc.ru/products/65g-morozhen-eskimo-arostagrokompleks-golubika-bzmzh
Артикул: 217611,"Мороженое 48 копеек пломбир в яблочной глазури, 58г",48 КОПЕЕК,65.90,,https://online.metro-cc.ru/products/58g-morozhenoe-plombir-48-kopeek-v-yabloch-glazuri-bzmzh
Артикул: 218292,"Мороженое Brandice ванильное, 60г",BRANDICE,109,155,https://online.metro-cc.ru/products/60g-morozhenoe-brandice-vanilnoe-bzmzh
Артикул: 85871,"Фруктовый лед Paleta Маракуйя и семена чиа, 70г",TM PALETA,125,,https://online.metro-cc.ru/products/fruktovyj-led-tm-paleta-iz-marakuji-chia-70-g
Артикул: 218295,"Мороженое Brandice эскимо волшебные леденцы, 70г",BRANDICE,119,162,https://online.metro-cc.ru/products/70g-morozhenoe-eskimo-brandice-volshebnye-ledentsy-bzmzh
Артикул: 312475,"Мороженое Ekzo молочное черника-ежевика, 520г",EKZO,479,,https://online.metro-cc.ru/products/ekzo-vedro-chernika-ezhevika-520-gr
Артикул: 128318,"Мороженое 48 копеек Манго со сливками стаканчик, 94г",48 КОПЕЕК,95.90,,https://online.metro-cc.ru/products/94g-48-kopeek-mango-stakanchik-bzmzh
Артикул: 593211,"Мороженое Iceumi Mochi Ice Cream сливочное в рисовой глазури с манго (35г х 8шт), 300г",ICEUMI,839,,https://online.metro-cc.ru/products/modzhi-iceumi-mochi-mango-v-upakovke-8h35g-bzmzh
Артикул: 85870,"Мороженое Paleta Эскимо кокос-шоколад, 70г",TM PALETA,125,,https://online.metro-cc.ru/products/tm-paleta-kokos-s-belgijskij-shokoladom-70-g
Артикул: 110856,"Чай Nordictea яблочный глинтвейн замороженный, 50г",NORDICTEA,113,,https://online.metro-cc.ru/products/chaj-nordictea-yablochnyj-glintvejn-50g
Артикул: 128438,"RIOBA Сорбет манго-груша, 75г",RIOBA,99.90,,https://online.metro-cc.ru/products/75g-sorbet-rioba-mango-grusha
Артикул: 218288,"Десерт Айскро растительный голубика замороженный, 75г",АЙСКРО,144,,https://online.metro-cc.ru/products/75g-desert-rastitelnyy-ayskro-golubika-zamorozhennyy
Артикул: 221100,"Мороженое Чистая Линия трубочка ваниль-глазурь, 70г",ЧИСТАЯ ЛИНИЯ,74.90,108,https://online.metro-cc.ru/products/70g-morozhenoe-chistaya-liniya-trubochka-vanglazur-bzmzh
Артикул: 117231,"Мороженое Чистая Линия ванильное брикет, 200г",ЧИСТАЯ ЛИНИЯ,129,184,https://online.metro-cc.ru/products/briket-chistaya-liniya-vanilnyj-bzmzh-200g
Артикул: 633573,"Мороженое Baskin Robbins Шоколадное, 600г",BASKIN ROBBINS,719,,https://online.metro-cc.ru/products/baskin-robbins-shokolad-1000ml-600g-bzmzh
Артикул: 117169,"Рожок Чистая Линия Радуга ванильный, 110г",ЧИСТАЯ ЛИНИЯ,89.90,149,https://online.metro-cc.ru/products/rozhok-chistaya-liniya-raduga-vanilnyj-bzmzh-110-g
Артикул: 221122,"Мороженое Чистая Линия крем-брюле в вафельном стаканчике, 80г",ЧИСТАЯ ЛИНИЯ,69.91,109,https://online.metro-cc.ru/products/80g-morozhenoe-chistaya-liniya-krem-bryule-vafst-bzmzh
Артикул: 107431,"Мороженое Чистая Линия Радуга Пломбир в вафельном стаканчике, 90г",ЧИСТАЯ ЛИНИЯ,69.91,111,https://online.metro-cc.ru/products/raduga-chistaya-liniya-plombir-v-vafelnom-stakanchike-90g-bzmzh
Артикул: 66900,"Сорбет Amore Нежная малина, 270г",AMORE,279,349,https://online.metro-cc.ru/products/sorbet-amore-nezhnaya-malina-bzmzh-270g
Артикул: 128358,"Мороженое My Gelato Горгонзола, 90г",MY GELATO,99.90,129,https://online.metro-cc.ru/products/my-gelato-gorgonzola-90g-bzmzh
Артикул: 79260,"Мороженое 48 копеек Пломбир малина, 90г",48 КОПЕЕК,95.90,,https://online.metro-cc.ru/products/plombir-48-kopeek-malina-90g-bzmzh
Артикул: 128433,"RIOBA Мороженое Пломбир бельгийский шоколад, 75г",RIOBA,109,,https://online.metro-cc.ru/products/75g-plombir-rioba-belgijsk-shok-bzmzh
Артикул: 218340,"Мороженое Brandice банан-шоколад-кальций, 300г",BRANDICE,389,479,https://online.metro-cc.ru/products/morozhenoe-brandice-banan-shokolad-kaltsiy-300g
Артикул: 519385,"Мороженое Gelato Di Natura манго, 1.575кг",GELATO,1559,,https://online.metro-cc.ru/products/plombir-gelato-di-natura-mango-kontejner-15kg
Артикул: 219079,"Мороженое Snickers эскимо криспер, 64г",SNICKERS,125,,https://online.metro-cc.ru/products/64g-morozhenoe-eskimo-snickers-krisper-bzmzh
Артикул: 457568,"METRO Chef Щербет черносмородиновый, 1.5кг",METRO CHEF,659,,https://online.metro-cc.ru/products/scherbet-metro-chef-chernaya-smorodina-15kg
Артикул: 221090,"Мороженое Чистая Линия рожок фисташка, 110г",ЧИСТАЯ ЛИНИЯ,99.90,156,https://online.metro-cc.ru/products/110g-morozhenoe-rozhok-chistaya-liniya-fistashka-bzmzh
Артикул: 218342,"Мороженое Brandice волшебные леденцы, 550г",BRANDICE,399,759,https://online.metro-cc.ru/products/550g-morozhenoe-brandice-volshebnye-ledentsy-bzmzh
Артикул: 218350,"Мороженое Brandice шоколадное, 550г",BRANDICE,399,759,https://online.metro-cc.ru/products/morozhenoe-brandice-shokoladnoe-550g
Артикул: 226262,"Мороженое Вологодский пломбир брикет в шоколадных вафлях, 90г",ВОЛОГОДСКИЙ ПЛОМБИР,52.90,71.90,https://online.metro-cc.ru/products/90g-morozhen-briket-vologodskiy-plombir-aysberri-bzmzh
Артикул: 633572,"Мороженое Baskin Robbins Волшебные леденцы, 600г",BASKIN ROBBINS,679,,https://online.metro-cc.ru/products/baskin-robbins-dolshebnye-ledency-600g-bzmzh
Артикул: 66894,"Мороженое Amore Изысканная горгонзола, 270г",AMORE,279,349,https://online.metro-cc.ru/products/amore-izyskannaya-gorgonzola-bez-zamenitelya-molochnyh-zhirov-270-g
Артикул: 239870,"Мороженое Русский Холод Юбилейное домашнее шоколадное, 1кг",РУССКИЙ ХОЛОД,359,,https://online.metro-cc.ru/products/plombir-russkij-holod-yubilejnoe-shokoladnoe-flou-pak-1kg
Артикул: 239874,"Мороженое Русский Холод Юбилейное ванильное, 1кг",РУССКИЙ ХОЛОД,359,,https://online.metro-cc.ru/products/plombir-russkij-holod-yubilejnoe-vanilnoe-flou-pak-1kg
Артикул: 221094,"Мороженое Чистая Линия пломбир гранат-малина, 70г",ЧИСТАЯ ЛИНИЯ,89.90,139,https://online.metro-cc.ru/products/70g-morozhenoe-plombir-chistaya-liniya-granatmalin-bzmzh
Артикул: 84172,"Мороженое Oreo с дробленым печеньем рожок, 72г",OREO,118,,https://online.metro-cc.ru/products/oreo-s-droblenym-pechenyem-rozhok-bez-zamenitelya-molochnogo-zhira-73-g
Артикул: 128432,"RIOBA Мороженое Пломбир, 75г",RIOBA,72.90,,https://online.metro-cc.ru/products/75g-rioba-plombir-bzmzh
Артикул: 69646,"Мороженое Alpen Gold Эскимо, 58г",ALPEN GOLD,102,,https://online.metro-cc.ru/products/alpen-gold-eskimo-58g-bzmzh
Артикул: 226261,"Мороженое Вологодский пломбир Эскимо в шоколадной глазури, 80г",ВОЛОГОДСКИЙ ПЛОМБИР,52.90,60.90,https://online.metro-cc.ru/products/80g-morozhen-eskimo-vologodskiy-plombir-aysberri-bzmzh
Артикул: 128431,"RIOBA Мороженое кофе с печеньем амаретти, 75г",RIOBA,82.90,,https://online.metro-cc.ru/products/75g-rioba-kofe-s-peche-amaret-bzmzh
Артикул: 662188,"Мороженое Вологодский пломбир на вареном сгущенном молоке в вафельном стаканчике, 100г",ВОЛОГОДСКИЙ ПЛОМБИР,64.90,,https://online.metro-cc.ru/products/vologodskij-plombir-s-varenoj-sguschenkoj-100-g
Артикул: 128434,"RIOBA Мороженое Пломбир соленая карамель, 75г",RIOBA,82.90,,https://online.metro-cc.ru/products/75g-plombir-rioba-solyon-karam-bzmzh
Артикул: 602638,"Мороженое Вологодский пломбир шоколадный в вафельном стаканчике 15%, 100г",ВОЛОГОДСКИЙ ПЛОМБИР,64.90,,https://online.metro-cc.ru/products/plombir-vologodskij-shokolad-15-vafelnyj-stakanchik-100g
Артикул: 527884,"Мороженое Айсберри Филевский Пломбир пачка, 450г",АЙСБЕРРИ,249,,https://online.metro-cc.ru/products/plombir-ajsberri-filevskij-pachka-450g
Артикул: 128436,"RIOBA Мороженое сливочное мятное с шоколадом, 75г",RIOBA,99.90,,https://online.metro-cc.ru/products/75g-slivochn-rioba-myata-shokol-bzmzh
Артикул: 109176,"Чай Айскро бруснично-ежевичный с шиповником замороженный, 150г",АЙСКРО,199,,https://online.metro-cc.ru/products/chaj-brusnichno-ezhevichnyj-ajskro-s-shipovnikom-shalfeem-badyanom-muskatnym-cvetom-zamorozhennyj-150-g
Артикул: 112009,"Смесь ягодная Hortex облепиховый чай с имбирем и красной смородиной замороженная, 250г",HORTEX,99.90,166,https://online.metro-cc.ru/products/smes-yagodnaya-hortex-oblepihovyj-chaj-s-imbirem-krasnoj-cmorodinoj-zamorozhennaya-250-g
Артикул: 218343,"Мороженое Brandice миндаль-фисташка, 600г",BRANDICE,399,759,https://online.metro-cc.ru/products/600g-morozhenoe-brandice-mindalfistashka-bzmzh
Артикул: 226260,"Мороженое Филевское Шербет Смородина, 80г",ФИЛЕВСКОЕ,32.90,44.50,https://online.metro-cc.ru/products/80g-morozhen-filevskoe-aysberri-scherbet-smorodina-bzmzh
Артикул: 218290,"Мороженое Айскро с протеином ванильное 2%, 75г",АЙСКРО,123,,https://online.metro-cc.ru/products/75g-morozhenoe-s-proteinom-2-ayskro-vanilnoe-bzmzh
Артикул: 128360,"Сорбет My Gelato манго-имбирь, 90г",MY GELATO,99.90,129,https://online.metro-cc.ru/products/sorbet-my-gelato-mango-imbir-90g
Артикул: 218291,"Мороженое Айскро с протеином шоколад 2%, 75г",АЙСКРО,123,,https://online.metro-cc.ru/products/75g-morozhenoe-s-proteinom-2-ayskro-shokolad-bzmzh
Артикул: 593213,"Мороженое сливочное Iceumi Mochi клубника-банан в рисовой глазури (35г х 8шт), 300г",ICEUMI,839,,https://online.metro-cc.ru/products/modzhi-iceumi-mochi-klubnika-banan-v-upakovke-8h35g
Артикул: 562916,"Мороженое Вологодский пломбир 15% брикет, 250г",ВОЛОГОДСКИЙ ПЛОМБИР,152,,https://online.metro-cc.ru/products/plombir-ajsberri-vologodskij-briket-220g-bzmzh
Артикул: 100128,"Мороженое Snickers Эскимо молочное с карамелью и арахисом покрытое глазурью, 65г",SNICKERS,125,,https://online.metro-cc.ru/products/morozhenoe-eskimo-mars-snikers-65g-bzmzh
Артикул: 218487,"Мороженое Коровка из Кореновки клубника рожок, 120г",КОРОВКА ИЗ КОРЕНОВКИ,107,,https://online.metro-cc.ru/products/120g-morozhenoe-rozhok-korovka-iz-korenovki-klubn-bzmzh
Артикул: 356152,"Мороженое Чистая Линия Российское Эскимо Пломбир, 80г",ЧИСТАЯ ЛИНИЯ,69.91,124,https://online.metro-cc.ru/products/plombir-chistaya-liniya-rossijskoe-briket-80g-bzmzh
Артикул: 226259,"Мороженое Вологодский пломбир Эскимо манго в соковой глазури из сока манго, 60г",ВОЛОГОДСКИЙ ПЛОМБИР,54.90,73.90,https://online.metro-cc.ru/products/60g-morozhen-vologodskiy-plombir-aysberri-mango-bzmzh
Артикул: 218293,"Мороженое Brandice клубничное отличное, 60г",BRANDICE,109,155,https://online.metro-cc.ru/products/60g-morozhenoe-brandice-klubnichnoe-otlichnoe-bzmzh
Артикул: 219267,"Сорбет Amore нежная малина натуральный, 100г",AMORE,85.90,109,https://online.metro-cc.ru/products/100g-sorbet-amore-nezhnaya-malina-naturalnyy
Артикул: 639595,"Мороженое Магнат Мини Эскимо (49г х 6шт), 294г",МАГНАТ,499,,https://online.metro-cc.ru/products/plombir-magnat-mini-multipak-6h49g
Артикул: 128353,"Мороженое My Gelato арахис-карамель, 90г",MY GELATO,99.90,129,https://online.metro-cc.ru/products/my-gelato-arahis-karamel-90g-bzmzh
Артикул: 128359,"Сорбет My Gelato клубника-базилик, 90г",MY GELATO,99.90,129,https://online.metro-cc.ru/products/sorbet-my-gelato-klubnika-bazilik-90g
Артикул: 219264,"Сорбет Amore Голландская Клубника, 100г",AMORE,85.90,109,https://online.metro-cc.ru/products/100g-sorbet-amore-gollandskaya-klubnika-naturalnyy
